{"stats":{"minecraft:mined":{"minecraft:oak_leaves":5},"minecraft:custom":{"minecraft:jump":28,"minecraft:time_since_rest":1876,"minecraft:leave_game":1,"minecraft:walk_on_water_one_cm":963,"minecraft:sprint_one_cm":1474,"minecraft:play_time":1876,"minecraft:damage_taken":70,"minecraft:time_since_death":1876,"minecraft:walk_one_cm":2723,"minecraft:total_world_time":1876,"minecraft:walk_under_water_one_cm":783,"minecraft:swim_one_cm":1796,"minecraft:fall_one_cm":1632,"minecraft:fly_one_cm":2744}},"DataVersion":3120}